"min_date","max_date","sum_total","sum_VimL","sum_Objective-C","sum_Java","sum_JavaScript","sum_C","sum_Pascal","sum_C#","sum_CSS","sum_Python","sum_PHP","sum_OCaml","sum_R","sum_Ruby","sum_Go","sum_Scala","sum_C++","sum_Elixir","sum_Shell","sum_Puppet","sum_Haskell","sum_Clojure","sum_Perl","sum_CoffeeScript","sum_Matlab","sum_Apex","sum_D","sum_XSLT","sum_Groovy","sum_Kotlin","sum_Julia","sum_Dart","sum_TeX","sum_Arduino","sum_Swift","sum_Emacs Lisp","sum_VHDL","sum_TypeScript","sum_Rust","sum_nesC","sum_Erlang","sum_Processing","sum_Haxe","sum_Lua","sum_PowerShell","sum_Racket","sum_Common Lisp","sum_Dylan","sum_ASP","sum_IDL","sum_Verilog","sum_FORTRAN","sum_AutoIt","sum_Perl6","sum_VCL","sum_DM","sum_Assembly","sum_Cuda","sum_LiveScript","sum_F#","sum_Logos","sum_Max","sum_SQL","sum_Scheme","sum_Objective-J","sum_ActionScript","sum_Game Maker Language","sum_XQuery","sum_Stata","sum_M","sum_Agda","sum_Eiffel","sum_Nimrod","sum_BlitzBasic","sum_Visual Basic","sum_Objective-C++","sum_Xtend","sum_Tcl","sum_XML","sum_Mathematica","sum_Nemerle","sum_OpenEdge ABL","sum_Elm","sum_Augeas","sum_Smalltalk","sum_Standard ML","sum_Vala","sum_Coq","sum_SuperCollider","sum_DOT","sum_AppleScript","sum_xBase","sum_Fantom","sum_Gnuplot","sum_Red","sum_HaXe","sum_Bluespec","sum_Mercury","sum_SAS","sum_Ceylon","sum_Slash","sum_XC","sum_ColdFusion","sum_Prolog","sum_NetLogo","sum_Rebol","sum_AutoHotkey","sum_AspectJ","sum_Forth","sum_MoonScript","sum_Arc","sum_Oxygene","sum_Propeller Spin","sum_Lasso","sum_ABAP","sum_Pure Data","sum_Ada","sum_Awk","sum_Zephir","sum_Inform 7","sum_PAWN","sum_Frege","sum_Gosu","sum_SystemVerilog","sum_Alloy","sum_Parrot","sum_ATS","sum_GAP","sum_Squirrel","sum_Delphi","sum_UnrealScript","sum_Pan","sum_J","sum_Factor","sum_GAMS","sum_Idris","sum_PureScript","sum_Brightscript","sum_SourcePawn","sum_Crystal","sum_Ragel in Ruby Host","sum_KRL","sum_ANTLR","sum_COBOL","sum_Scilab","sum_Glyph","sum_Pike","sum_Component Pascal","sum_ooc","sum_REALbasic","sum_Clean","sum_Io","sum_wisp","sum_Logtalk","sum_eC","sum_Bro","sum_FLUX","sum_Nu","sum_Volt","sum_RobotFramework","sum_Ecl","sum_Monkey","sum_Boo","sum_Cirru","sum_CLIPS","sum_DCPU-16 ASM","sum_Dogescript","sum_E","sum_Fancy","sum_Grammatical Framework","sum_Harbour","sum_Hy","sum_Ioke","sum_JSONiq","sum_Omgrofl","sum_Opa","sum_PogoScript","sum_Rouge","sum_Self","sum_Shen","sum_Turing","sum_TXL","sum_XProc","sum_Mirah","sum_Ox","sum_Moocode","sum_Nix","sum_Isabelle","sum_Xojo","sum_BlitzMax","sum_Grace","sum_Nit","sum_null","sum_Zimpl"
"2014-08-16T00:00:00.000Z","2014-08-16T23:00:00.000Z",238859,1607,4925,20871,40707,11346,166,5716,17153,20133,15666,220,1532,15244,3151,1632,10413,399,6382,391,1317,769,2097,1932,292,32,265,223,349,9,605,257,824,316,937,827,73,671,1114,22,323,137,150,1336,237,51,171,5,47,102,72,66,15,28,9,400,457,19,127,110,38,13,31,156,12,187,28,8,17,35,8,8,41,68,128,62,18,26,34,29,0,21,17,4,8,25,125,23,0,2,26,3,0,3,0,2,0,6,4,14,0,1,9,27,8,1,47,6,1,4,3,0,8,15,0,4,6,16,3,5,12,0,53,5,0,19,34,11,1,0,0,0,0,1,4,7,46,11,58,5,0,0,3,1,3,0,4,4,17,0,0,1,0,0,0,0,0,0,0,0,0,0,0,0,0,0,0,0,0,0,0,7,0,11,0,0,1,0,0,0,0,0,0,0,0,0,146,12,24,3,0,0,42514,0
"2014-08-15T00:00:00.000Z","2014-08-15T23:00:00.000Z",343133,2000,8103,30825,61854,15198,155,7610,22575,33194,21583,312,2060,23563,4974,2559,17027,294,8104,680,1402,1161,3015,2793,505,59,255,317,720,22,450,348,1197,296,1053,1117,73,887,1119,72,541,139,161,1399,501,44,165,3,105,100,38,179,47,30,6,318,451,42,82,155,66,42,53,232,34,206,38,15,15,11,13,21,52,78,208,94,73,73,25,68,11,30,33,0,18,36,156,26,0,9,24,15,0,26,3,1,8,20,8,23,0,2,151,69,6,6,51,1,0,1,0,0,30,6,0,6,15,15,2,11,1,2,77,8,50,5,10,14,31,0,0,0,0,7,0,4,62,14,62,5,0,4,6,0,4,0,4,10,17,4,0,3,0,0,0,0,1,0,0,0,0,2,0,0,0,0,0,0,0,0,0,2,0,52,0,1,0,0,0,0,0,0,0,5,0,0,164,17,4,0,0,0,56208,0
"2014-08-14T00:00:00.000Z","2014-08-14T23:00:00.000Z",405433,2396,7977,38874,76435,15940,153,9166,26489,38741,27611,479,2121,28927,6050,3139,18062,253,9175,986,1498,1171,2580,3545,754,150,349,912,846,33,518,432,1527,352,1050,1124,42,843,1254,90,541,182,144,1435,564,51,245,0,104,70,46,233,40,26,32,485,491,64,137,202,42,28,125,204,54,387,31,34,5,23,36,15,34,51,188,105,38,1126,2,95,7,48,18,1,25,47,122,54,2,31,24,7,0,15,3,2,15,19,4,5,3,11,124,46,10,10,37,0,8,21,1,0,45,2,5,19,14,8,0,3,5,3,55,3,0,9,39,28,10,0,0,2,1,20,2,1,15,3,37,9,4,7,5,0,1,0,12,3,13,0,0,22,0,1,0,0,1,0,0,0,1,2,0,0,0,0,0,0,0,0,0,0,0,75,0,1,3,0,0,0,1,0,0,1,0,0,223,18,9,7,0,0,64206,0
"2014-08-13T00:00:00.000Z","2014-08-13T23:00:00.000Z",412720,2461,8590,39997,76408,16960,198,9537,28279,40084,29219,583,2307,29823,6206,4051,18860,278,9429,986,1503,1255,2699,3491,653,98,491,541,864,40,625,559,1503,379,1179,1209,46,926,1067,99,665,92,225,1746,389,75,173,1,169,118,92,255,9,13,41,490,379,79,117,131,38,36,108,216,34,459,60,10,31,17,11,19,88,93,258,87,24,63,2,74,7,44,17,17,12,33,85,56,2,10,8,8,0,15,2,2,7,18,11,7,3,2,160,102,2,10,41,3,3,8,0,0,26,0,1,36,11,19,1,2,1,1,84,4,0,2,28,17,13,3,3,22,1,9,0,3,57,7,52,7,0,2,13,0,7,0,6,9,1,3,0,9,0,2,0,1,0,1,0,0,0,5,5,0,0,0,0,0,0,0,3,8,0,37,0,0,3,0,0,0,0,0,0,1,0,0,182,10,0,0,0,0,60837,0
"2014-08-12T00:00:00.000Z","2014-08-12T23:00:00.000Z",413807,2517,8624,42280,79179,15292,219,9599,28501,39298,29305,540,2038,29477,6275,3493,18956,334,9587,794,1648,1172,2533,3405,666,149,364,499,885,47,628,400,1625,400,1007,1147,69,843,1175,60,909,162,150,1860,399,120,192,3,147,112,48,183,16,8,18,398,367,38,104,171,76,52,185,214,44,610,35,34,63,25,30,46,51,68,285,103,61,72,1,103,11,52,17,6,16,36,80,50,5,14,33,10,0,36,2,1,11,13,10,26,9,7,160,41,3,5,56,1,0,9,1,0,25,2,0,29,12,15,0,9,7,0,33,13,0,1,16,28,10,0,0,0,1,2,3,14,44,13,75,1,1,2,1,0,0,0,9,7,44,0,0,7,17,1,0,0,0,1,1,0,0,0,21,0,0,0,0,0,0,0,0,1,0,54,0,0,3,0,0,0,0,0,1,3,0,0,227,7,1,2,0,0,59726,3
"2014-08-11T00:00:00.000Z","2014-08-11T23:00:00.000Z",405474,2410,8930,40181,75201,16721,207,9475,30000,38506,28757,525,2313,28527,5972,3273,18570,361,9459,788,1476,1303,2356,3221,692,111,314,474,985,30,744,405,1686,371,1193,1222,56,838,1154,50,766,150,140,1703,442,96,216,0,137,83,48,238,20,10,21,434,346,45,142,252,60,36,116,273,63,435,45,46,9,14,20,18,26,107,222,85,44,114,6,50,6,62,16,0,48,30,96,28,9,18,24,15,0,6,0,0,4,13,1,23,3,9,130,54,9,0,70,0,0,1,1,0,27,4,0,11,12,9,4,5,10,0,50,18,0,4,15,16,3,0,2,4,0,6,0,8,75,10,35,15,3,43,11,1,4,1,9,10,1,0,0,86,1,3,0,0,0,1,0,0,3,3,0,0,11,0,0,0,0,6,0,0,0,19,0,0,0,0,0,0,0,0,1,1,0,0,192,4,1,3,0,1,58101,0
"2014-08-10T00:00:00.000Z","2014-08-10T23:00:00.000Z",281351,1833,6111,26835,49773,11502,130,6541,25275,24877,19212,321,3391,17033,4348,2010,12596,328,6808,303,1364,949,1583,1606,335,15,207,296,588,18,517,206,866,357,1042,1133,44,691,678,22,306,117,174,1746,217,78,178,2,112,53,82,88,6,10,8,487,258,18,142,202,78,13,43,196,25,269,25,29,17,2,13,21,17,71,166,72,53,32,5,39,3,51,21,12,36,24,78,34,2,13,13,4,0,4,6,1,3,3,3,15,3,2,37,30,0,0,64,0,2,6,1,0,24,0,0,10,17,8,1,13,3,0,70,17,0,16,1,10,3,2,0,0,0,1,1,3,59,10,71,31,0,4,2,0,1,2,3,21,0,2,0,13,0,0,0,0,0,0,1,1,0,2,0,0,4,0,0,0,0,1,0,0,0,0,0,0,0,0,0,0,0,0,0,13,0,0,147,8,0,0,0,0,43070,0
"2014-08-09T00:00:00.000Z","2014-08-09T23:00:00.000Z",236878,1824,4553,21446,40858,10185,108,5769,21452,21450,16321,209,2004,13683,2906,1722,11057,206,5734,306,1184,819,1486,1585,387,10,204,262,638,15,348,198,817,308,815,879,21,596,882,5,269,66,142,1648,251,83,95,3,89,35,90,97,10,27,19,436,177,16,203,116,31,16,26,149,7,177,24,13,8,14,2,13,23,83,88,48,41,22,2,23,3,50,15,0,7,54,46,31,4,20,11,2,0,5,0,3,0,8,9,21,1,1,41,39,4,2,45,3,5,5,0,0,42,0,0,6,15,2,3,18,3,0,53,1,0,10,40,17,2,1,0,0,0,0,0,12,90,1,51,16,0,0,0,1,4,0,3,6,0,2,0,21,0,0,0,0,0,0,0,0,0,0,0,0,0,0,0,0,0,0,0,4,0,1,0,0,0,0,0,0,0,0,1,0,0,0,200,5,24,2,0,1,37851,0
"2014-08-08T00:00:00.000Z","2014-08-08T23:00:00.000Z",355440,2325,7224,33230,64738,13997,171,8054,23482,34883,25187,403,2345,24250,5160,3045,16860,254,8247,618,1327,1049,2350,2763,580,81,342,345,821,37,606,467,1272,295,942,974,16,726,1068,71,733,128,216,1751,355,62,136,3,172,74,60,196,28,17,34,300,377,37,177,206,49,53,83,261,25,355,31,25,16,19,7,8,17,56,199,86,11,83,2,44,5,27,46,4,32,38,68,57,1,10,13,11,0,21,4,2,65,18,49,16,1,1,108,91,3,0,166,0,7,18,1,0,53,4,1,9,14,4,4,14,22,43,35,1,0,1,74,21,20,2,1,0,3,1,0,6,44,4,79,9,0,4,4,9,2,6,4,5,5,1,0,6,3,4,0,1,24,2,0,0,0,0,0,1,1,0,1,0,0,0,7,11,0,21,0,0,0,0,0,0,1,0,0,3,0,0,176,9,1,0,0,2,56676,1
"2014-08-07T00:00:00.000Z","2014-08-07T23:00:00.000Z",408344,2723,8673,40653,78204,15384,225,8890,26372,42157,29324,471,2397,29010,5758,3289,19285,250,9091,899,1459,1279,2821,3034,649,121,318,411,988,53,602,447,1468,328,1176,1245,42,1123,1176,65,619,153,232,1825,466,82,138,0,171,74,59,322,22,24,39,343,403,42,126,260,45,32,98,274,14,461,41,40,12,21,10,20,56,99,247,92,22,86,1,50,3,61,33,5,26,34,57,66,1,31,20,26,0,45,2,3,16,10,28,18,1,11,111,90,3,0,302,1,4,4,2,1,13,3,1,24,21,4,0,11,15,1,77,6,0,3,34,28,8,0,0,0,2,2,1,10,75,0,27,17,0,16,3,32,1,1,9,10,3,2,0,8,0,8,0,1,0,1,0,0,0,0,4,1,0,0,3,0,0,3,0,8,0,7,0,0,0,0,0,0,1,0,0,3,0,0,145,2,2,4,0,0,57687,0
"2014-08-06T00:00:00.000Z","2014-08-06T23:00:00.000Z",415545,2364,8831,40478,77880,15485,176,9196,27289,39960,30233,432,2419,29522,5727,3725,19561,309,9407,848,1326,1278,2900,3172,674,56,296,394,838,46,545,445,1702,383,1511,1325,41,965,1475,34,673,143,214,1619,469,85,149,0,149,73,54,232,15,12,23,256,459,39,205,264,32,13,101,309,19,343,36,36,24,17,3,33,56,80,266,76,41,97,1,40,2,32,15,1,28,26,101,66,2,56,33,48,0,72,2,4,23,51,7,20,9,14,85,113,4,2,46,1,0,5,4,2,16,2,1,31,14,8,0,16,26,4,68,3,0,0,5,63,10,1,0,1,0,9,25,15,48,6,29,21,2,40,3,0,0,1,8,37,4,2,0,7,1,11,0,0,2,3,0,0,0,0,0,0,2,0,3,0,0,1,0,10,0,30,0,0,0,0,0,0,0,0,1,2,0,0,118,2,1,15,0,0,63939,0
"2014-08-05T00:00:00.000Z","2014-08-05T23:00:00.000Z",415815,2327,9126,40760,77778,14943,181,15212,27498,40569,28444,455,2125,28537,5880,3445,19148,297,9271,849,1405,1218,2749,3432,695,147,294,424,860,42,448,561,1456,389,1721,1280,56,838,1088,59,691,264,163,1749,365,63,214,0,166,77,45,245,14,25,15,304,447,80,210,258,78,55,91,275,21,469,51,19,37,19,16,12,78,79,246,80,35,152,14,46,9,45,13,1,52,18,138,48,8,28,15,11,1,29,2,3,17,18,25,12,5,11,122,60,9,0,67,0,0,8,2,0,14,19,0,40,17,2,2,2,4,9,55,6,0,1,7,21,12,3,7,0,0,41,5,4,59,3,28,2,0,20,5,6,2,2,3,8,1,2,0,13,0,1,0,5,5,0,1,0,1,0,0,0,3,0,1,0,0,0,0,7,0,9,0,0,0,0,0,0,0,0,0,1,0,0,94,7,0,2,0,7,61194,0
"2014-08-04T00:00:00.000Z","2014-08-04T23:00:00.000Z",402799,2295,8823,39514,73235,16245,190,15409,26897,38001,27135,344,2120,28117,5449,3406,18488,371,9070,730,1432,1322,2277,3172,529,81,275,467,913,29,474,358,1465,436,1327,1420,96,1040,1400,53,564,264,242,1551,335,70,228,0,131,139,62,176,16,25,15,393,330,91,148,137,73,36,86,194,29,397,76,13,27,18,11,20,28,117,215,81,35,94,1,52,10,55,6,3,11,49,95,32,1,31,29,27,2,90,8,3,18,10,34,20,4,6,118,39,14,5,58,0,0,1,0,2,6,7,0,37,26,2,0,18,12,3,62,7,0,4,17,32,18,2,12,0,0,2,0,9,29,0,28,10,0,37,6,10,0,2,4,8,3,6,0,5,2,4,0,4,0,6,0,0,0,5,0,0,0,0,0,0,0,0,0,11,0,13,0,0,3,0,0,0,1,0,1,1,0,0,173,6,0,11,0,0,60428,0
"2014-08-03T00:00:00.000Z","2014-08-03T23:00:00.000Z",270651,2113,5972,27246,48095,12690,144,6860,20563,24849,18411,184,1147,16233,3194,2331,12952,317,6924,332,1358,853,1711,1875,346,24,289,268,687,18,355,227,1067,300,989,977,140,691,1172,60,290,204,196,1564,245,50,173,1,98,62,72,62,5,24,0,369,309,52,152,144,34,3,33,166,17,183,35,23,3,5,2,6,35,31,164,72,21,68,4,37,2,40,2,0,7,28,72,33,3,10,18,1,0,14,28,0,3,11,3,15,3,15,68,37,13,0,39,0,0,4,0,2,15,5,1,19,7,11,8,2,5,5,28,6,3,1,2,13,6,2,0,0,1,4,3,1,46,4,59,5,1,5,8,6,0,0,3,9,0,2,0,2,2,0,0,0,0,4,0,0,0,3,1,0,5,0,0,0,0,0,0,1,0,1,0,0,0,0,1,1,0,0,0,17,0,0,133,3,0,3,0,0,40729,0
"2014-08-02T00:00:00.000Z","2014-08-02T23:00:00.000Z",239489,1748,4628,21532,39895,10457,127,5727,16743,21777,14222,120,954,15155,2897,1960,11297,252,5400,168,1302,855,1640,1843,278,15,233,161,392,33,397,221,933,274,832,863,36,547,865,16,275,90,168,1417,171,62,104,0,112,48,68,66,4,16,3,270,189,22,134,136,38,29,32,170,19,221,12,28,5,4,6,5,45,16,168,89,15,51,1,31,3,35,6,0,9,23,64,28,2,5,31,1,0,18,23,1,5,7,0,18,7,5,29,25,0,2,44,4,0,1,2,0,4,2,0,11,14,6,0,36,10,0,38,3,0,1,8,22,14,3,1,4,4,2,0,1,24,3,37,15,0,19,0,2,2,0,6,5,0,1,0,1,0,5,0,0,1,6,0,0,0,0,3,0,3,0,0,0,0,0,0,3,0,0,0,1,0,0,0,0,0,0,0,1,0,0,70,7,0,2,0,0,47555,0
"2014-08-01T00:00:00.000Z","2014-08-01T23:00:00.000Z",358644,2076,7029,32536,62192,13298,151,8060,22505,33590,22798,500,1614,24342,4960,3197,16421,346,8154,697,1331,1135,2454,2354,498,97,375,327,979,51,441,493,1351,281,1305,974,38,840,1106,62,440,168,134,1419,262,117,183,8,128,126,53,178,8,27,13,304,288,78,203,235,31,10,70,153,18,326,56,39,32,22,5,19,13,29,145,191,19,70,4,36,2,37,4,1,30,35,86,43,5,19,36,20,0,40,20,3,23,28,20,14,4,3,128,60,7,1,43,4,0,2,4,0,19,3,2,17,7,3,0,20,26,1,32,3,0,5,5,13,4,0,23,0,0,2,2,2,7,4,95,1,0,11,8,10,0,1,9,6,0,1,0,4,1,2,0,1,10,0,0,0,0,2,0,0,0,0,2,0,0,0,0,5,0,77,0,0,0,0,0,0,0,0,1,0,0,0,73,6,1,14,0,0,70763,0
"2014-07-31T00:00:00.000Z","2014-07-31T23:00:00.000Z",402312,2385,8429,39535,75337,16129,155,9216,25801,37532,27720,434,1691,29939,5379,3543,19197,249,9411,721,1525,1056,2757,3344,632,93,587,535,966,17,248,618,1553,425,1555,972,34,987,1213,90,600,130,126,1436,414,97,159,3,177,91,37,297,8,13,3,340,404,80,162,282,68,22,131,254,25,351,57,53,19,28,9,25,45,40,214,107,51,81,2,57,9,60,6,7,45,50,152,29,5,16,16,12,0,46,3,2,22,18,12,16,4,5,126,67,3,4,37,0,1,5,2,2,6,9,4,33,24,6,0,18,7,2,53,4,10,7,4,11,1,4,24,0,1,3,1,3,16,4,64,7,4,29,1,7,0,2,11,4,0,10,1,2,0,2,0,2,6,1,0,0,3,0,3,0,0,0,2,0,0,0,0,0,0,17,0,0,0,0,0,0,1,0,0,0,0,0,130,28,0,10,0,0,62420,0
"2014-07-30T00:00:00.000Z","2014-07-30T23:00:00.000Z",435743,2679,8896,40283,79942,15297,124,9794,27727,39084,29203,396,1824,30438,6241,3919,19233,287,9481,960,1517,942,2572,3311,605,111,477,631,1183,41,463,544,1682,466,1016,1071,46,1131,1245,108,569,115,224,1325,397,116,193,4,161,90,93,225,5,24,19,330,589,77,88,237,87,23,98,264,56,508,53,37,18,12,6,44,15,46,212,108,66,69,4,56,18,71,8,2,78,32,156,54,3,27,19,6,0,23,5,9,22,19,65,37,3,2,175,57,13,13,61,0,3,7,2,0,17,5,3,13,65,42,0,0,46,2,92,2,0,6,4,8,6,5,18,3,1,4,2,7,19,10,51,19,0,42,5,2,2,3,4,13,0,0,0,4,0,5,0,1,1,3,0,0,6,0,0,0,4,0,3,0,0,0,0,1,0,0,0,0,0,0,1,0,1,0,0,1,0,0,128,14,20,30,0,0,82376,0
"2014-07-29T00:00:00.000Z","2014-07-29T23:00:00.000Z",428220,2562,8460,40323,77177,17666,159,9596,26589,39480,28233,429,1623,29813,6105,3397,19405,244,9362,843,1406,1039,3146,3165,744,127,537,516,994,40,583,507,1877,332,972,1156,82,1215,1715,108,609,165,191,1266,356,103,153,2,116,124,60,227,7,22,4,379,431,122,117,303,22,33,124,199,44,554,67,3,8,21,7,31,26,34,243,94,36,67,5,48,14,67,10,4,66,32,91,47,7,30,20,29,0,30,5,3,27,27,36,40,5,6,128,94,20,5,45,0,4,12,3,0,4,1,1,9,19,3,1,2,36,14,75,10,0,11,0,15,10,3,7,0,0,2,2,21,49,9,53,30,0,15,4,3,14,1,4,19,5,1,0,10,1,7,0,4,3,3,0,0,8,0,2,0,0,0,0,0,0,0,0,3,0,1,0,0,0,0,1,0,3,0,0,14,0,0,131,35,3,7,0,0,78474,0
"2014-07-28T00:00:00.000Z","2014-07-28T23:00:00.000Z",403566,2334,8544,38825,75062,17487,140,8775,26181,38840,27803,442,2186,29371,6876,3404,19125,243,10081,733,1399,1208,2598,3191,721,142,407,431,857,30,589,482,1734,383,1110,1288,63,1202,1212,70,507,143,168,1667,472,120,233,1,115,143,85,180,25,23,29,424,456,85,102,291,62,28,68,292,46,506,49,24,12,16,7,49,42,71,233,134,25,92,2,53,16,79,12,1,30,40,129,58,2,8,18,33,0,74,13,5,21,18,33,5,2,0,119,56,13,2,51,0,3,15,0,1,29,2,0,24,9,17,0,5,14,0,63,1,1,6,3,23,15,7,4,2,3,2,0,9,31,4,45,11,1,38,12,2,3,0,11,5,22,0,1,21,2,2,0,1,1,2,2,0,0,5,11,0,7,0,0,0,0,0,0,3,0,0,0,0,0,0,1,0,2,0,0,2,2,0,114,24,5,4,0,0,59424,0
"2014-07-27T00:00:00.000Z","2014-07-27T23:00:00.000Z",281550,2151,5714,25608,48794,12708,147,6544,18860,24041,18063,287,8561,17710,4285,2364,12825,245,6896,320,1337,802,1729,2313,500,21,328,188,729,28,454,161,1213,364,793,905,42,868,686,26,258,99,164,1687,253,53,200,2,152,64,51,217,22,8,12,384,263,40,178,247,44,35,23,198,18,245,35,2,13,1,5,39,37,20,192,117,82,80,15,48,1,67,8,0,16,40,82,25,31,12,16,11,1,12,3,1,1,29,12,5,2,0,69,17,0,2,43,1,14,26,4,0,6,1,0,16,25,8,0,11,9,5,35,5,0,9,4,13,2,0,1,0,2,3,1,8,49,4,32,6,0,0,9,30,8,0,3,1,2,0,0,7,1,2,0,0,11,1,0,0,0,4,3,0,0,0,0,0,0,0,0,1,0,0,0,0,0,0,0,0,0,0,1,1,0,0,110,0,0,2,0,0,45334,0
"2014-07-26T00:00:00.000Z","2014-07-26T23:00:00.000Z",245680,1705,4841,23486,41432,14277,168,5519,15813,20435,15465,238,4884,14257,3554,1797,11529,190,6288,278,1048,687,1380,1814,369,22,287,154,461,28,520,150,730,300,580,886,27,679,836,6,236,87,162,1381,267,69,193,1,108,28,35,183,13,15,1,419,211,20,138,157,11,5,25,106,33,178,54,2,23,4,2,13,23,18,146,94,61,21,0,14,0,73,12,0,8,22,90,17,1,10,38,4,0,20,1,3,5,6,2,11,1,0,62,40,1,3,26,2,0,10,3,0,8,10,0,21,16,1,0,1,14,0,94,1,0,8,6,6,1,1,1,2,0,1,1,15,53,2,108,20,0,0,2,31,3,0,5,1,1,0,0,8,1,4,0,1,3,0,8,0,0,0,2,0,6,0,1,0,0,0,0,0,0,0,0,0,0,0,0,0,0,0,0,10,0,0,66,0,0,1,0,0,42987,0
"2014-07-25T00:00:00.000Z","2014-07-25T23:00:00.000Z",353670,2006,7524,32798,63077,15171,121,7502,24581,34298,23213,413,4058,28337,4918,2643,16613,243,8384,667,1313,1051,2340,2907,547,54,341,266,759,35,383,380,1574,325,884,1006,32,1031,1135,61,364,199,219,1807,354,121,173,11,83,76,60,171,15,23,4,408,415,36,163,218,61,36,52,210,45,358,20,23,17,10,5,16,17,47,179,71,31,41,2,52,7,64,13,0,347,27,58,14,2,19,17,29,0,9,0,2,24,18,63,9,4,2,144,70,7,8,26,2,1,25,5,0,12,2,0,23,13,7,0,1,22,6,43,2,0,9,5,6,11,0,1,0,0,1,2,33,20,1,45,9,0,20,6,25,10,2,6,1,7,0,0,14,0,6,0,2,8,0,0,0,0,13,4,0,0,0,0,0,0,0,0,12,0,3,0,0,0,0,0,2,1,0,0,7,0,2,115,0,8,1,0,0,52901,0
"2014-07-24T00:00:00.000Z","2014-07-24T23:00:00.000Z",418497,2306,9016,41177,74992,15971,126,9324,25004,38910,28789,356,3961,27849,5622,3383,19506,165,9663,905,1347,1182,2616,3281,661,131,322,414,772,54,483,446,1666,410,865,1087,49,1165,1111,64,674,191,240,1735,347,88,186,10,157,78,44,280,28,14,5,211,561,40,150,266,45,98,95,223,27,446,31,20,25,25,20,28,21,59,281,86,12,83,0,60,10,92,4,5,57,44,54,114,9,8,9,15,0,24,5,5,25,27,2,15,3,4,183,75,7,7,30,5,7,10,3,0,12,8,0,19,24,0,0,6,10,8,19,4,0,2,3,6,13,0,0,14,0,1,0,2,9,6,32,21,0,0,5,6,28,3,5,3,2,0,0,6,1,6,0,14,9,1,0,0,0,7,4,0,4,0,0,1,0,0,0,13,0,6,0,0,1,0,1,0,0,0,0,13,0,0,77,0,3,2,0,0,27357,0
"2014-07-23T00:00:00.000Z","2014-07-23T23:00:00.000Z",434856,2397,9075,39629,75824,16087,162,9267,26281,38506,28478,500,3953,28487,6188,3517,19213,177,9345,798,1249,1240,2881,3403,724,80,424,427,870,32,640,435,2032,331,990,990,58,992,1086,45,683,175,215,1521,339,116,180,2,134,86,56,261,21,30,9,263,445,70,63,274,26,45,87,174,35,548,52,31,33,29,6,23,35,61,298,98,47,96,9,43,6,67,11,5,44,39,152,83,24,9,27,5,0,15,0,0,22,19,8,16,11,1,100,104,26,6,38,17,9,15,7,0,7,13,0,62,40,2,2,10,2,1,24,2,1,4,40,5,10,7,2,0,0,15,1,2,10,11,46,17,0,0,0,11,2,0,6,5,2,43,0,6,1,6,0,1,3,1,0,0,1,3,2,0,2,0,0,0,0,1,0,8,0,6,0,0,0,0,0,0,0,0,0,24,0,0,71,0,3,8,0,0,0,0
"2014-07-22T00:00:00.000Z","2014-07-22T23:00:00.000Z",451510,2454,8948,41379,77290,16910,148,9844,29407,39283,28682,341,3370,29389,6661,3422,19066,225,9587,988,1361,1281,2999,3560,777,57,299,417,843,54,551,483,2571,361,1118,945,84,973,1280,76,693,160,191,1676,310,94,193,7,154,97,40,296,15,22,2,289,469,91,60,355,56,73,82,234,36,429,96,21,23,12,8,32,58,78,307,87,20,95,15,58,2,67,31,3,71,25,117,40,15,7,16,14,0,23,3,2,18,19,23,6,3,8,139,60,19,1,57,1,2,23,4,0,1,0,2,31,26,8,0,0,5,5,78,5,11,8,3,21,10,0,3,7,1,13,1,7,11,4,38,13,3,0,5,3,1,0,6,5,1,5,0,9,0,3,0,0,14,1,0,0,8,12,0,2,5,0,0,0,0,0,0,4,0,4,0,0,0,0,0,0,0,0,1,8,0,0,168,0,4,2,0,1,0,0
"2014-07-21T00:00:00.000Z","2014-07-21T23:00:00.000Z",408877,2246,8328,38297,77659,14766,164,9605,35743,36417,28261,347,2941,27463,6270,3395,18907,256,8645,758,1253,1185,2844,3510,604,46,259,454,894,43,436,529,1650,282,1033,974,44,953,1268,61,709,164,210,1534,345,49,156,4,152,105,57,212,20,30,4,233,514,102,231,326,77,48,76,233,22,437,90,19,19,15,11,44,50,70,278,181,12,60,14,81,7,92,59,9,168,35,151,43,12,9,33,7,1,19,23,2,24,18,10,16,4,6,191,85,7,5,27,3,1,20,7,0,28,0,3,21,7,17,0,52,2,1,22,6,5,10,0,17,5,0,1,7,4,1,3,7,33,8,53,14,0,1,3,6,8,0,5,8,20,2,0,8,5,2,0,0,15,3,0,0,17,11,1,5,0,0,0,0,0,0,0,1,0,2,0,1,3,0,0,0,0,0,0,0,0,0,159,7,1,7,0,0,0,0
"2014-07-20T00:00:00.000Z","2014-07-20T23:00:00.000Z",280942,1680,6099,25718,49196,11768,206,6743,30873,22481,17855,266,1856,15676,3828,1985,13369,251,6089,381,1222,782,1660,2070,451,29,299,211,495,76,386,233,1687,323,642,811,39,899,1327,15,293,104,201,1622,158,48,151,19,129,32,48,103,15,14,0,332,290,27,153,233,70,51,39,175,32,238,29,12,5,2,7,9,53,69,234,64,13,27,5,54,3,51,86,1,41,37,97,18,23,16,31,19,0,13,0,0,7,12,8,33,1,0,54,37,3,0,32,0,0,14,3,0,4,2,7,15,7,7,8,0,4,0,10,5,0,3,3,15,8,0,0,0,0,0,1,6,27,14,29,5,3,0,9,4,3,0,4,9,4,0,0,6,0,3,0,0,12,1,0,2,0,5,1,0,0,0,1,0,0,0,0,0,0,5,0,0,0,0,1,0,1,0,0,0,0,0,75,2,0,5,0,0,0,0
"2014-07-19T00:00:00.000Z","2014-07-19T23:00:00.000Z",236335,1414,4693,20260,40320,10182,117,5965,27457,19686,14481,221,1447,13741,3282,1427,10603,251,5685,295,953,662,1386,1958,343,41,289,160,418,54,307,191,806,268,689,692,35,710,1135,15,203,127,256,1336,117,68,159,32,104,29,26,118,38,4,10,372,273,54,240,85,32,44,25,171,65,203,34,6,3,6,9,21,68,26,133,59,24,29,7,39,3,42,26,0,6,21,112,32,0,7,8,2,0,18,0,0,5,5,11,10,3,0,27,20,4,8,19,8,0,41,6,0,5,5,23,7,6,2,0,7,9,4,27,3,0,7,3,22,12,1,12,3,2,0,0,7,15,3,62,8,0,0,11,2,0,0,5,1,4,0,0,5,2,0,0,0,2,0,0,2,5,8,0,0,0,0,1,0,0,0,0,0,1,0,0,0,0,0,0,0,0,0,0,0,1,0,51,0,0,2,0,0,0,0
"2014-07-18T00:00:00.000Z","2014-07-18T23:00:00.000Z",350787,1851,6952,33081,63094,15328,165,7984,33109,32952,22783,471,1969,23920,4655,2829,16069,262,7772,688,1284,986,2215,2885,741,55,271,428,654,33,399,370,1126,363,905,969,35,722,1355,43,563,131,306,1371,266,138,123,6,140,77,182,248,10,21,0,471,405,55,165,243,38,64,112,159,66,385,42,35,12,6,7,26,37,26,174,134,14,56,9,41,17,56,14,6,10,16,92,88,3,2,14,9,0,43,1,19,14,52,8,8,1,0,115,28,4,0,55,0,6,30,1,0,9,1,18,20,7,2,2,25,33,5,37,6,6,4,4,12,10,10,2,4,4,5,0,5,3,1,80,14,0,21,6,2,6,1,19,4,4,4,0,8,0,1,0,4,15,3,0,0,7,5,0,0,0,0,0,0,0,0,0,1,0,2,0,2,0,0,0,0,0,0,0,0,0,0,107,0,0,6,0,0,0,0
"2014-07-17T00:00:00.000Z","2014-07-17T23:00:00.000Z",381507,2086,8031,38428,69734,15700,139,8904,26185,35739,26304,418,1987,26006,4977,3078,18255,205,8588,757,1490,1147,2432,3221,676,53,390,388,867,40,632,417,1853,318,877,981,373,879,1099,41,987,130,317,1555,270,81,149,0,99,122,369,218,15,32,18,405,550,139,143,324,33,40,126,206,43,404,42,35,15,15,4,14,30,77,219,106,56,69,16,42,15,51,39,8,28,18,90,53,3,16,20,25,0,91,4,1,16,32,22,10,2,0,243,13,13,6,37,9,2,7,0,1,16,0,16,26,5,3,0,10,19,6,16,38,0,3,7,22,5,5,7,5,3,6,0,2,7,4,54,3,2,11,5,1,0,1,5,11,1,7,0,7,0,0,0,0,4,1,0,0,14,8,0,0,3,0,0,0,0,0,0,2,0,2,0,1,8,0,0,0,0,0,1,1,0,0,64,1,0,2,0,0,0,0
"2014-07-16T00:00:00.000Z","2014-07-16T23:00:00.000Z",409192,2303,8762,39439,75930,16605,172,9444,26318,38039,28608,568,2037,28783,5588,3285,19352,350,9154,850,1565,1133,2467,3309,739,34,518,471,914,57,581,485,2105,357,986,1011,72,905,1129,82,611,185,284,1586,293,157,172,2,107,96,24,237,14,27,14,339,762,62,123,306,56,24,119,209,9,628,53,29,97,32,13,20,16,98,219,80,22,76,5,62,3,99,30,0,21,57,86,112,23,30,26,27,0,19,0,6,12,50,9,5,7,4,229,37,10,3,35,6,1,23,6,0,11,0,9,22,12,0,6,1,10,3,38,7,0,1,9,17,4,1,2,17,3,32,1,5,6,19,80,10,0,33,6,14,7,3,2,10,1,2,0,4,6,0,0,0,10,0,0,1,5,5,0,0,0,0,0,0,0,0,0,6,0,0,0,0,16,0,0,0,1,0,2,1,0,0,141,1,0,0,0,0,0,0
"2014-07-15T00:00:00.000Z","2014-07-15T23:00:00.000Z",408216,2475,9073,41954,72753,16392,162,9393,26330,39010,28754,414,2062,27936,5719,3561,18950,287,9831,903,1610,1144,2424,3495,723,55,437,455,962,61,595,554,1617,396,1164,1085,72,985,1301,44,755,177,229,1606,473,136,158,6,148,145,45,214,24,23,11,382,823,48,120,338,21,23,117,199,34,473,37,14,79,10,25,32,53,70,336,65,44,112,22,77,12,69,6,0,52,47,68,45,5,48,41,11,0,19,4,2,24,45,27,16,5,0,181,40,9,21,37,3,0,11,6,2,16,3,2,28,20,1,5,0,11,2,32,3,0,0,2,27,8,1,2,15,7,11,1,23,27,1,50,14,0,1,11,5,4,4,4,5,2,23,0,10,1,0,0,1,3,5,0,2,4,1,0,0,0,0,0,0,0,0,0,3,0,1,0,0,0,0,0,0,0,0,0,3,0,0,148,5,0,0,0,0,0,0
"2014-07-14T00:00:00.000Z","2014-07-14T23:00:00.000Z",395093,2292,8635,40543,71574,15420,233,8955,25710,37786,26620,416,1854,27812,5281,3308,19247,264,9165,889,1521,989,2523,3821,652,68,359,382,1024,62,662,527,1696,400,1066,1064,97,821,1254,46,646,175,236,1740,359,129,200,10,130,109,53,184,6,19,11,299,386,63,148,298,61,35,131,195,28,487,45,11,39,16,6,8,38,39,268,76,50,62,6,97,15,110,26,0,26,33,103,44,7,19,34,49,1,17,10,2,17,51,4,10,2,6,311,35,13,11,50,7,2,17,1,1,30,2,9,17,6,5,13,1,7,2,60,9,10,1,7,12,6,1,7,1,5,3,2,10,41,2,73,15,1,0,6,1,4,2,4,2,1,1,0,15,2,0,0,5,7,3,1,0,33,0,0,0,5,0,2,0,0,2,0,3,0,2,0,0,2,0,0,0,0,0,1,0,0,0,151,4,2,2,0,0,0,0
"2014-07-13T00:00:00.000Z","2014-07-13T23:00:00.000Z",266371,1684,5516,25554,46037,13107,147,6365,19278,22543,16396,151,3484,15575,3564,2444,13509,178,6376,341,1086,926,1584,2255,405,16,357,215,514,34,300,183,1024,265,921,825,62,687,1196,20,389,108,186,1572,286,87,140,6,86,52,69,121,12,20,2,361,335,37,100,283,25,26,52,162,39,347,21,7,8,4,6,1,22,27,253,44,12,30,6,54,6,87,18,3,12,17,95,35,3,13,14,16,0,24,3,4,0,34,12,9,0,1,35,23,0,10,66,13,0,6,0,0,6,2,6,8,7,10,1,0,5,2,34,5,0,0,3,12,6,0,7,3,4,1,0,7,20,2,56,34,0,0,7,1,1,0,6,0,0,3,0,9,11,0,0,0,3,0,1,0,4,0,0,0,0,0,0,0,0,0,0,0,0,0,0,0,0,0,0,0,0,0,0,4,0,0,137,0,0,4,0,0,0,0
"2014-07-12T00:00:00.000Z","2014-07-12T23:00:00.000Z",242323,1603,4892,22931,41532,11520,141,5904,17443,22132,16182,189,2506,13778,3111,1898,12069,229,5775,267,1210,755,1518,1693,274,17,399,139,534,27,240,227,910,294,848,690,23,648,914,14,241,107,133,1487,258,94,198,13,55,48,57,158,5,13,0,297,183,33,114,146,48,27,27,76,34,358,27,14,10,6,11,6,12,53,137,77,4,11,3,27,0,100,16,4,41,15,61,18,3,10,37,12,0,11,5,4,0,19,0,21,1,2,17,14,4,6,13,0,0,12,1,2,1,1,2,14,9,7,0,10,4,1,28,2,0,0,0,7,5,0,1,0,1,1,0,4,51,0,61,23,0,0,0,5,1,0,7,1,0,1,0,8,40,3,0,0,8,0,2,0,2,9,0,0,1,0,1,0,0,0,0,0,0,0,0,0,0,0,0,0,0,0,40,0,0,0,115,7,0,0,0,0,0,0
"2014-07-11T00:00:00.000Z","2014-07-11T23:00:00.000Z",353208,2045,6674,34451,64284,13753,218,7507,22767,34953,24000,405,2256,24451,5270,2892,16402,333,7526,761,1275,1152,2091,3052,498,63,561,318,976,83,328,482,1482,283,747,866,57,776,1103,99,691,145,204,1531,387,119,194,9,93,75,72,176,19,39,3,322,597,103,214,215,67,40,117,183,15,425,28,15,10,28,21,16,19,46,195,103,15,44,4,30,13,95,25,15,88,20,81,15,12,8,36,33,5,13,2,2,11,47,17,11,4,18,161,39,14,7,24,7,0,11,1,0,4,9,4,5,9,4,0,4,14,0,39,2,0,1,3,27,19,1,2,36,1,11,4,11,5,4,56,3,0,44,8,3,1,4,3,3,1,1,0,38,21,2,6,0,10,0,0,0,6,5,0,0,1,0,0,0,0,1,0,0,0,2,0,0,0,0,0,0,0,0,0,0,0,0,56,4,0,3,0,0,0,0
"2014-07-10T00:00:00.000Z","2014-07-10T23:00:00.000Z",407677,2363,8088,39805,72942,15459,265,9623,25490,38709,28061,454,2485,28558,6212,3841,19154,377,8928,938,1467,1066,2694,3377,572,92,333,476,1099,46,447,403,1687,328,972,1107,48,898,1229,74,622,139,262,1850,355,118,146,4,157,126,70,226,10,30,7,405,647,73,91,239,46,40,198,226,29,427,40,41,12,12,17,42,29,47,249,116,15,81,5,25,19,85,45,1,68,36,101,25,2,7,40,39,0,21,1,2,11,59,17,5,9,1,113,20,19,0,49,15,0,14,5,1,14,17,9,16,17,12,2,14,5,1,39,42,0,1,8,15,10,4,12,16,10,28,0,8,6,10,30,15,0,11,3,4,4,0,8,15,1,0,0,74,0,4,0,0,8,1,0,0,7,0,0,0,0,1,2,0,0,0,0,1,0,3,0,0,0,0,0,0,0,0,0,0,0,0,102,1,0,4,1,0,0,0
"2014-07-09T00:00:00.000Z","2014-07-09T23:00:00.000Z",402835,2267,8627,40461,72795,15957,129,10017,25489,38641,26886,568,2286,28539,5863,3650,18557,303,9055,944,1467,1167,2661,3487,624,107,306,327,1036,39,474,440,1574,347,920,1212,50,921,1115,74,658,164,211,1890,442,125,172,2,166,130,77,203,6,45,17,282,736,43,82,245,55,31,118,247,49,513,40,11,13,25,18,45,31,45,348,106,11,62,8,56,6,113,27,3,76,42,93,62,12,13,23,28,0,32,5,3,10,50,4,7,9,10,158,59,11,3,52,0,2,9,2,0,28,14,9,13,11,16,3,14,1,3,56,2,0,4,4,28,10,0,2,18,0,32,0,21,20,8,30,9,0,32,3,3,2,0,3,9,1,0,0,6,0,4,5,0,5,5,0,0,2,9,1,0,0,0,0,0,0,15,0,7,0,11,0,0,3,0,0,0,0,0,0,1,0,0,61,4,4,5,2,0,0,0
"2014-07-08T00:00:00.000Z","2014-07-08T23:00:00.000Z",399841,2343,8611,38706,73341,15991,194,9523,24809,39465,27739,397,1992,28163,6382,3662,22710,252,9085,837,1562,1030,2492,3047,655,104,297,404,937,64,475,500,1842,245,1241,1119,73,834,1279,119,739,176,144,1869,317,129,153,28,160,144,97,323,7,34,11,403,754,48,124,359,39,45,189,226,24,555,62,16,26,18,13,29,28,91,325,119,34,46,5,31,40,221,23,2,80,51,80,36,11,13,19,62,0,30,5,2,9,37,24,23,9,18,129,32,19,12,42,2,10,6,2,0,21,2,16,44,32,14,0,1,10,5,38,9,1,4,1,39,8,2,5,32,3,52,0,16,23,9,55,14,0,20,3,4,2,0,3,11,0,2,0,7,3,5,1,0,8,1,0,0,2,5,0,0,2,0,0,0,0,0,0,3,0,0,0,0,0,0,0,0,1,0,1,0,0,0,106,2,0,11,0,0,0,0
"2014-07-07T00:00:00.000Z","2014-07-07T23:00:00.000Z",405014,2545,8627,40037,74741,17329,172,9748,25231,39443,26726,437,1793,28826,6077,3687,18782,206,9845,824,1558,970,2411,3374,697,99,341,457,910,20,557,445,1810,343,1613,998,100,1098,1442,156,699,269,157,1863,331,149,164,9,112,117,95,302,2,21,7,531,813,49,57,364,48,82,139,181,44,436,45,35,14,22,23,143,37,106,250,84,56,39,6,46,16,168,20,7,92,51,97,34,6,39,18,66,0,12,15,1,2,22,13,22,4,41,153,31,0,4,75,5,2,9,3,0,29,2,13,19,13,4,0,2,5,3,49,2,2,2,1,23,12,2,10,17,9,72,0,3,62,8,94,4,0,3,7,2,1,1,4,3,0,2,9,8,7,13,0,0,10,1,0,2,1,0,0,0,2,3,1,0,0,2,0,3,0,2,0,0,2,0,0,0,0,0,0,0,0,0,153,0,0,5,0,0,0,0
"2014-07-06T00:00:00.000Z","2014-07-06T23:00:00.000Z",274768,1707,5829,25163,47247,13063,145,9335,17897,23950,17013,322,997,17397,4002,2216,13206,134,6319,283,1164,940,1455,2065,330,29,335,288,667,23,435,287,1198,287,1121,816,101,738,950,56,292,79,112,1704,205,65,133,7,81,66,48,130,3,10,1,359,416,8,156,248,60,25,59,166,32,397,62,5,8,9,23,12,9,76,220,42,6,43,14,18,11,38,17,0,77,38,81,20,16,24,15,11,1,10,7,1,1,13,1,19,4,21,22,46,1,5,32,2,5,21,1,0,12,2,10,13,10,11,0,3,4,4,51,7,1,5,5,12,7,0,3,20,2,21,0,10,19,23,28,30,0,0,1,6,9,3,3,3,3,11,0,9,15,0,4,0,4,0,0,0,1,0,0,1,0,3,0,0,1,5,0,1,0,0,0,0,1,0,0,0,0,0,4,1,0,0,60,0,0,7,0,0,0,0
"2014-07-05T00:00:00.000Z","2014-07-05T23:00:00.000Z",214663,1670,4563,20107,38547,10837,108,5995,14394,18334,14140,244,798,14144,3051,1603,10182,153,5437,492,1013,708,1595,2044,239,39,207,151,494,21,302,272,998,251,980,670,28,573,1175,15,239,65,99,1452,139,61,145,26,88,36,39,98,12,8,6,304,420,12,86,230,33,7,44,126,27,185,22,1,9,26,5,3,27,25,141,71,8,20,1,26,10,30,27,0,99,20,50,52,7,6,32,3,0,2,3,1,1,6,26,0,10,8,16,64,2,0,23,1,1,2,3,0,7,2,0,11,9,4,0,18,2,4,54,7,0,4,1,7,3,2,24,7,4,4,0,9,28,7,60,3,0,0,1,16,10,0,2,0,4,6,0,14,20,1,1,0,5,0,0,2,0,2,0,0,0,0,1,0,0,0,0,4,0,10,0,0,0,0,0,0,1,0,0,1,0,0,86,0,0,8,0,0,0,0
"2014-07-04T00:00:00.000Z","2014-07-04T23:00:00.000Z",279054,1815,5294,26691,47716,13240,210,7538,17665,26154,19840,368,965,18349,3739,2321,12862,201,6446,455,1050,882,2269,2138,400,35,252,215,727,54,398,274,1277,229,1049,915,37,657,1244,35,360,120,161,1324,236,56,128,1,103,44,71,174,9,8,6,345,377,38,87,288,62,21,95,171,19,275,33,10,5,9,11,19,17,43,224,86,31,78,2,21,8,21,42,1,23,25,84,21,10,25,22,40,0,16,10,0,3,26,1,30,10,34,34,32,3,2,40,3,2,9,2,1,9,9,12,34,10,2,0,0,1,19,30,14,0,8,1,23,6,1,22,19,1,20,1,6,24,8,15,4,1,0,6,2,10,1,10,0,2,0,0,1,0,6,0,7,7,2,0,0,2,0,0,0,2,0,0,0,0,0,0,7,0,53,0,0,2,0,0,0,0,0,1,2,0,0,103,1,1,11,0,0,0,0
"2014-07-03T00:00:00.000Z","2014-07-03T23:00:00.000Z",383632,2379,8412,39151,69826,16914,262,9355,24971,36423,29629,579,1456,27012,5110,3608,18065,263,8961,718,1223,1140,3031,2878,633,44,242,384,920,49,483,289,1476,218,889,1163,87,955,1483,93,555,111,231,1504,342,64,162,2,147,91,77,257,5,14,7,407,870,53,105,359,40,20,152,198,76,401,31,32,11,15,6,106,33,97,282,68,42,39,21,47,11,54,56,6,109,35,83,27,23,21,19,72,0,16,6,18,4,25,14,23,8,33,155,55,14,11,55,0,1,2,5,0,8,8,0,8,53,10,0,31,22,3,48,12,0,4,1,8,5,0,27,11,4,32,8,5,18,13,31,7,0,18,6,6,4,2,2,4,13,0,0,11,0,4,0,0,4,2,0,0,0,0,1,0,1,0,2,0,0,0,0,7,0,6,0,0,2,0,1,0,0,0,2,0,0,0,79,0,0,0,0,0,0,0
"2014-07-02T00:00:00.000Z","2014-07-02T23:00:00.000Z",398528,2282,8416,42203,76058,16225,199,9303,26084,37970,27313,286,1495,28382,5721,3301,17759,225,9481,768,1391,1181,3584,3403,630,52,285,494,1062,52,492,381,1582,269,1041,1138,41,933,1621,109,719,137,191,1351,276,103,159,0,150,134,69,246,17,8,3,301,994,44,126,296,51,23,183,166,51,484,70,12,14,16,18,125,19,123,274,97,9,53,21,45,13,48,59,2,53,18,73,34,40,28,22,71,0,10,20,3,0,14,40,8,9,33,132,27,5,1,51,0,1,0,2,0,10,9,3,10,12,18,0,0,1,7,75,12,0,5,13,22,13,1,6,0,2,0,5,4,27,10,18,19,2,1,8,13,1,2,9,11,0,4,0,9,0,8,0,21,5,1,0,1,1,2,0,0,1,0,0,0,0,0,0,6,0,1,0,0,6,0,1,0,1,0,0,0,0,0,114,1,2,0,0,0,0,0
"2014-07-01T00:00:00.000Z","2014-07-01T23:00:00.000Z",380039,2166,7982,38908,71454,16859,172,9760,24990,35387,26340,435,1608,27313,5672,3136,17138,289,9077,881,1280,1180,3478,3067,892,134,181,445,913,43,537,436,1482,262,1115,1227,61,969,1349,99,702,104,205,1707,227,90,150,1,182,94,78,295,24,5,3,434,916,25,136,283,39,25,183,152,69,471,53,25,11,18,11,92,25,86,231,123,12,91,7,43,12,36,24,10,52,33,104,22,17,21,24,18,0,4,18,1,14,33,57,49,4,33,94,25,16,3,111,18,4,4,6,0,15,3,0,17,11,32,0,4,2,13,42,4,1,5,5,15,18,4,5,0,1,3,0,7,18,4,46,7,0,0,17,1,3,2,6,2,4,1,3,3,0,5,0,22,0,1,4,1,0,0,0,1,0,0,0,0,2,1,0,0,0,0,0,0,0,0,0,0,0,0,0,1,0,0,64,0,0,0,0,0,0,0
"2014-06-30T00:00:00.000Z","2014-06-30T23:00:00.000Z",382601,2232,8084,39338,71265,17007,177,9602,25635,34584,26613,289,1486,27992,5971,3248,19162,218,9303,888,1701,1071,3294,3160,664,169,310,503,1139,29,653,363,1707,283,1120,1081,47,925,1689,76,657,142,281,1698,267,113,172,0,174,206,77,257,28,14,2,357,555,48,118,283,72,64,220,183,48,507,67,26,20,30,11,103,134,23,299,86,23,87,21,22,12,52,19,1,65,28,114,24,26,10,37,61,1,33,15,5,8,15,56,11,10,7,98,20,3,2,68,4,2,3,12,0,7,4,0,42,35,55,0,6,2,24,31,0,0,2,1,9,3,0,11,3,2,4,2,4,17,26,37,12,1,19,1,10,3,1,12,1,5,3,1,19,0,3,0,0,2,0,0,0,0,0,0,0,0,0,0,0,0,0,1,0,0,0,0,1,0,0,0,0,5,0,0,0,0,0,61,0,0,0,0,0,0,0
"2014-06-29T00:00:00.000Z","2014-06-29T23:00:00.000Z",286348,1925,5486,26587,45329,14133,85,6578,18250,32116,18349,146,945,16803,4084,2170,13508,230,6585,354,1394,991,1732,2131,323,74,326,188,639,5,305,287,1338,254,899,914,44,726,1057,43,437,131,195,1760,112,91,102,6,103,79,55,101,12,11,3,306,184,28,200,201,34,25,48,119,48,333,83,23,4,6,19,10,7,26,167,97,12,36,5,5,0,42,9,0,57,24,76,24,41,7,22,16,0,5,2,2,3,25,2,15,7,2,78,19,4,0,34,1,4,7,0,0,9,0,1,17,5,6,0,8,3,7,22,0,2,5,0,4,0,4,16,0,2,6,0,3,36,19,15,8,0,0,1,36,18,2,2,16,9,0,0,18,14,1,0,0,1,0,0,0,0,7,1,0,0,0,2,0,0,0,0,1,0,0,0,2,0,0,0,0,1,0,2,0,0,0,0,0,0,0,0,0,0,0
"2014-06-28T00:00:00.000Z","2014-06-28T23:00:00.000Z",218519,1546,3838,21838,37246,11686,113,5299,15105,18672,14489,137,631,14241,2770,1732,10878,203,5512,366,1080,866,1451,1531,203,50,284,169,535,10,692,229,1015,274,783,779,27,595,1010,52,272,83,151,1363,148,49,76,2,51,66,47,101,30,12,0,366,113,28,168,177,42,88,60,129,90,180,59,18,3,11,9,1,47,47,191,44,12,37,2,0,5,68,5,0,111,34,66,32,14,38,18,5,0,10,1,2,0,4,1,55,3,4,21,9,3,0,36,0,0,1,2,1,6,0,0,2,9,19,0,2,11,0,7,7,1,6,7,19,3,2,5,2,3,8,0,0,5,9,27,41,2,2,0,27,0,0,4,3,13,6,0,8,0,1,0,0,0,0,0,0,0,5,3,1,0,0,0,0,0,0,0,1,0,0,0,0,0,0,0,0,1,0,0,1,0,0,0,0,0,0,0,0,0,0
"2014-06-27T00:00:00.000Z","2014-06-27T23:00:00.000Z",340366,2261,6461,32917,62602,15123,156,7489,20720,30882,22897,258,1569,24916,4464,2822,15160,172,7995,688,1436,866,2328,2631,510,51,322,271,1037,38,403,302,1307,297,867,1122,34,869,1065,107,554,166,144,1516,267,78,132,8,160,71,45,211,13,6,6,218,166,73,270,190,30,76,117,158,58,271,32,39,13,19,19,21,64,54,226,81,18,49,10,0,13,53,24,0,67,35,54,20,15,7,28,72,3,25,14,2,7,8,28,28,4,5,117,12,10,12,72,6,1,1,7,0,22,3,0,54,8,26,1,0,9,1,68,8,0,1,1,5,7,3,7,27,1,2,2,9,9,12,26,19,4,6,0,18,2,1,5,0,10,10,0,8,0,0,0,0,1,1,0,7,3,0,0,0,0,0,0,0,0,0,0,1,0,0,0,1,2,0,0,0,0,0,10,0,0,0,5,0,0,0,0,0,0,0
"2014-06-26T00:00:00.000Z","2014-06-26T23:00:00.000Z",386120,2332,7212,38368,73104,18271,214,9070,23917,35450,28646,460,2050,28642,5521,3459,18133,195,9322,907,1413,953,2892,2893,688,96,237,489,1032,39,384,384,1714,289,1103,1168,126,1059,1234,71,820,112,264,1619,287,73,121,33,241,117,50,242,7,12,7,341,145,58,226,245,34,101,146,181,92,324,74,26,16,32,17,62,63,54,207,103,33,79,14,2,35,79,23,11,154,31,65,23,34,15,30,41,3,32,11,6,2,14,35,18,2,5,94,15,10,16,82,3,2,4,8,2,17,6,0,14,10,9,0,0,12,1,67,6,2,3,0,8,9,3,9,39,1,2,2,6,17,17,73,0,0,14,2,15,7,5,5,6,6,8,0,34,0,4,0,0,1,1,1,0,3,1,0,0,0,2,0,0,0,0,1,0,0,0,0,1,0,0,0,0,0,0,3,0,0,0,0,0,0,0,0,0,0,0
"2014-06-25T00:00:00.000Z","2014-06-25T23:00:00.000Z",399386,2132,7482,40073,72598,18149,172,9256,25613,36106,28703,385,1852,32506,6596,3669,19367,206,9135,989,1397,1053,2597,2873,684,118,235,388,964,37,346,381,1655,317,1196,1043,48,994,1551,111,844,123,258,1818,262,79,174,12,216,134,67,296,10,3,2,371,274,95,212,261,41,129,180,229,53,489,33,28,5,62,36,105,74,57,261,104,24,55,10,3,25,63,16,1,95,46,166,21,13,35,32,73,19,52,18,9,10,25,19,4,8,1,106,18,14,0,75,4,6,15,8,0,22,4,0,9,13,7,0,16,3,1,37,0,1,0,0,7,9,1,9,24,2,1,0,14,25,9,25,17,0,45,2,12,4,1,5,3,2,17,0,5,0,1,1,0,1,3,0,0,0,4,0,0,0,0,0,0,0,0,0,0,0,0,0,0,0,2,0,0,1,0,0,0,0,1,0,0,0,0,0,0,0,0
"2014-06-24T00:00:00.000Z","2014-06-24T23:00:00.000Z",401189,2207,8141,40206,74690,18212,188,9710,27417,35722,27246,345,1760,28919,5431,3654,18643,147,9902,1100,1375,1007,2667,3438,742,99,161,472,1064,40,619,338,1531,282,1081,1136,45,896,1543,116,770,128,221,1488,240,179,147,25,228,142,67,320,42,12,6,376,191,73,90,311,41,80,146,241,88,513,34,33,7,17,30,94,36,28,217,108,24,94,10,2,32,86,33,12,119,36,82,18,18,12,93,62,0,60,9,9,10,15,20,18,11,23,109,19,4,2,45,3,6,3,3,0,31,2,0,12,15,8,0,8,3,4,40,1,0,0,3,11,30,3,8,11,1,9,0,3,12,13,115,5,0,15,4,27,7,3,3,0,0,1,0,16,0,1,0,0,5,0,0,1,0,0,2,12,1,0,0,0,0,0,0,0,0,0,0,0,0,0,1,0,0,0,6,1,0,0,0,0,0,0,0,0,0,0
"2014-06-23T00:00:00.000Z","2014-06-23T23:00:00.000Z",389301,2321,8236,39032,73865,17026,170,9013,25261,34482,26833,305,2124,28220,4958,3379,19542,223,9181,919,1586,1068,2485,3316,691,49,257,597,1021,34,631,372,1795,306,1068,934,65,960,1110,102,929,173,306,1503,277,113,184,11,129,226,67,274,13,0,2,451,225,452,66,312,32,93,207,236,89,471,38,23,53,26,25,63,16,68,304,115,13,73,34,15,46,78,20,5,66,40,72,22,7,13,49,44,2,30,14,8,18,14,11,16,15,3,76,22,21,4,82,3,5,0,6,0,40,1,0,10,29,21,0,0,1,4,24,5,1,0,9,12,3,0,7,40,1,14,0,4,21,5,41,1,0,0,3,4,0,0,3,3,0,3,1,13,0,1,2,0,3,0,0,0,0,6,0,19,0,0,0,0,0,0,0,1,0,0,0,2,0,0,0,0,1,0,4,0,0,0,0,0,0,0,0,0,0,0
"2014-06-22T00:00:00.000Z","2014-06-22T23:00:00.000Z",276509,1784,5607,27017,45775,12509,137,6867,18399,21591,17698,164,8493,16281,3450,1816,13025,196,6947,373,1290,835,1623,2135,388,14,290,224,680,14,551,245,1127,232,1067,764,49,926,842,39,432,115,148,1423,290,128,147,19,139,53,41,130,10,8,0,419,256,46,44,180,50,27,82,154,65,295,65,21,14,6,37,23,34,39,200,84,15,52,26,15,4,33,15,12,29,50,80,19,33,1,51,8,0,37,5,2,0,5,5,12,13,7,64,19,13,0,61,1,2,3,4,0,3,4,0,3,20,8,0,10,5,7,6,2,3,0,4,13,18,3,5,0,3,8,0,3,30,16,13,0,0,0,2,27,1,1,2,0,1,1,0,10,0,2,1,0,4,1,0,0,1,0,0,0,0,1,1,0,0,4,0,1,0,0,0,0,0,0,0,0,1,0,1,0,1,0,0,0,0,0,0,0,0,0
"2014-06-21T00:00:00.000Z","2014-06-21T23:00:00.000Z",233385,1519,4466,21859,39565,10998,104,5640,16386,18873,13895,149,4838,14953,2618,1946,11313,125,5910,251,1129,682,1413,1703,302,5,185,148,533,12,548,179,936,242,863,700,24,877,688,19,326,96,191,1396,145,115,94,11,96,51,29,122,7,7,12,423,182,43,27,126,36,15,82,131,94,232,69,10,9,4,19,13,31,43,152,35,7,86,35,12,1,30,23,0,94,10,68,20,11,19,60,5,0,25,2,2,0,11,0,9,5,8,106,12,1,1,39,8,0,3,2,0,1,7,0,10,9,18,0,30,12,6,24,4,2,0,3,13,7,2,15,0,0,5,0,2,14,17,30,17,8,22,0,44,4,0,4,0,1,6,0,3,0,1,14,5,0,0,0,0,1,0,0,0,0,0,0,0,0,2,0,2,0,0,0,0,0,0,1,0,0,0,0,0,0,0,0,0,0,0,0,0,0,0
"2014-06-20T00:00:00.000Z","2014-06-20T23:00:00.000Z",329314,1988,6125,32039,60299,13749,138,7191,21667,31690,22553,477,4021,23699,4018,2555,15976,249,8068,703,1646,828,2236,2457,844,74,237,311,875,24,700,255,1451,206,981,735,69,826,918,100,706,113,200,1338,193,101,164,5,134,128,71,223,34,20,2,347,223,67,47,168,67,26,195,158,69,306,32,40,11,16,22,81,28,57,278,72,18,74,33,12,17,45,9,4,83,33,35,39,9,11,42,24,0,46,6,4,14,20,51,30,5,7,112,12,6,3,54,3,1,1,5,0,54,21,0,7,7,26,0,5,2,3,11,0,0,1,5,14,7,0,13,2,0,5,0,6,11,7,18,2,11,53,7,16,3,2,3,3,0,3,0,9,2,1,0,0,1,0,0,0,0,0,0,0,0,0,0,0,1,0,0,0,0,0,0,0,0,0,0,0,0,0,1,0,0,0,0,0,0,0,0,0,0,0
"2014-06-19T00:00:00.000Z","2014-06-19T23:00:00.000Z",379168,2186,7670,38065,69666,15598,174,8402,27087,34284,25256,485,3928,27749,5204,3226,17611,231,9078,796,1546,1048,2645,3193,926,101,264,358,1004,25,808,261,1765,322,1049,894,64,883,1112,98,760,122,188,1330,300,123,176,26,208,109,63,261,58,12,0,355,176,65,36,224,81,15,222,215,77,372,49,38,33,17,36,108,7,34,238,72,9,87,11,24,26,40,46,11,98,77,79,50,29,26,51,2,2,38,7,2,11,14,47,16,11,7,128,12,0,1,33,7,1,4,4,0,35,5,0,23,11,3,0,32,2,0,33,4,0,3,22,6,18,2,14,31,2,13,0,6,20,21,28,10,6,6,0,9,1,0,1,4,0,4,0,1,1,0,0,0,3,0,0,1,0,0,1,0,0,0,0,0,0,1,0,0,0,1,0,0,0,0,0,0,1,0,10,3,0,0,0,0,0,0,0,0,0,0
"2014-06-18T00:00:00.000Z","2014-06-18T23:00:00.000Z",395205,2215,7543,40646,72315,15561,169,9434,24601,36127,26792,509,3163,31646,4760,3039,18708,350,9464,845,1951,1010,2683,3095,950,60,262,488,1053,19,805,343,1881,332,1199,938,50,1261,1144,235,855,210,226,1856,309,130,187,7,160,86,64,399,28,7,1,328,204,79,54,327,87,28,227,250,90,439,54,24,30,37,23,110,28,55,229,109,17,85,36,3,39,52,24,9,53,48,81,61,14,26,48,58,7,14,8,7,8,27,74,12,18,1,116,24,2,7,65,7,4,12,2,1,11,7,1,11,10,8,1,3,2,2,36,5,2,5,13,16,7,5,8,3,2,19,2,13,9,15,5,19,4,16,8,10,1,1,9,9,0,5,14,19,1,8,1,1,4,2,1,2,1,3,2,1,1,2,1,1,1,1,1,1,1,1,1,1,1,1,1,1,1,1,0,0,0,0,0,0,0,0,0,0,0,0
"2014-06-17T00:00:00.000Z","2014-06-17T23:00:00.000Z",397743,2208,8248,41283,73928,15892,173,10887,24624,35164,28230,422,3133,28851,5143,2901,18732,187,9508,843,1515,1204,2509,3228,1078,102,289,459,988,22,690,347,2152,321,1192,1196,51,1103,1220,126,964,210,252,1391,340,91,282,32,169,80,48,296,23,28,2,428,192,87,31,372,102,35,194,224,55,490,65,45,20,34,20,114,40,48,294,88,68,101,42,0,19,56,18,11,105,80,93,51,12,11,41,11,8,22,19,9,14,38,213,10,9,13,178,10,0,11,49,19,3,18,6,1,9,2,3,10,45,8,0,20,10,0,29,10,0,6,4,14,3,2,31,23,0,34,0,11,23,14,18,6,5,6,13,11,1,2,5,2,0,2,0,4,3,6,3,1,2,1,1,0,0,0,0,0,0,0,0,0,0,0,0,0,0,0,0,0,0,0,0,0,0,0,0,0,0,0,0,0,0,0,0,0,0,0
"2014-06-16T00:00:00.000Z","2014-06-16T23:00:00.000Z",396236,2164,7721,52462,71699,15132,161,9334,23123,34712,27964,498,2791,27164,4916,3227,18402,265,8792,866,1498,1077,2644,3717,929,69,354,571,924,30,695,295,2049,238,1283,1160,79,928,1104,142,722,294,240,1556,359,107,293,10,156,79,63,220,30,42,11,346,212,61,66,257,37,47,223,163,72,447,71,19,45,34,46,179,26,55,239,91,32,170,41,18,43,38,23,3,56,56,156,61,14,16,62,25,5,33,8,4,8,11,32,28,8,12,83,27,13,12,61,3,1,4,0,0,13,1,0,14,28,5,1,11,2,3,24,12,3,11,6,5,16,2,8,2,1,22,4,3,5,11,12,10,1,1,2,1,1,2,1,2,1,6,2,4,0,0,0,0,0,0,0,0,0,0,0,0,0,0,0,0,0,0,0,0,0,0,0,0,0,0,0,0,0,0,0,0,0,0,0,0,0,0,0,0,0,0
"2014-06-15T23:00:00.000Z","2014-06-15T23:00:00.000Z",13823,80,316,1637,2514,620,5,305,779,1067,1198,8,71,985,144,171,681,3,314,14,48,40,121,80,30,0,11,6,33,2,3,6,65,13,68,66,2,78,54,0,37,2,7,23,15,0,5,1,14,1,4,3,2,2,0,16,13,3,5,3,4,0,10,4,3,15,3,0,1,1,6,4,0,4,6,1,0,4,0,0,0,0,0,0,2,0,4,1,0,0,1,2,0,0,3,1,0,0,0,0,3,0,1,0,0,0,1,1,0,1,0,0,0,0,0,1,1,1,0,0,0,0,0,0,0,0,0,0,0,0,0,0,0,0,0,0,0,0,0,0,0,0,0,0,0,0,0,0,0,0,0,0,0,0,0,0,0,0,0,0,0,0,0,0,0,0,0,0,0,0,0,0,0,0,0,0,0,0,0,0,0,0,0,0,0,0,0,0,0,0,0,0,0,0